<?xml version="1.0" encoding="UTF-8"?>
<project-private xmlns="http://www.netbeans.org/ns/project-private/1">
    <editor-bookmarks xmlns="http://www.netbeans.org/ns/editor-bookmarks/2" lastBookmarkId="0"/>
    <open-files xmlns="http://www.netbeans.org/ns/projectui-open-files/2">
        <group>
            <file>file:/D:/java/project12/src/Viwe/odi.java</file>
            <file>file:/D:/java/project12/src/Controller/oditCricketController.java</file>
            <file>file:/D:/java/project12/src/Viwe/login.java</file>
            <file>file:/D:/java/project12/src/Model/ttowentyModel.java</file>
            <file>file:/D:/java/project12/src/Controller/TestCricketController.java</file>
            <file>file:/D:/java/project12/src/Model/TestCricketModel.java</file>
            <file>file:/D:/java/project12/src/Viwe/ttowenty.java</file>
            <file>file:/D:/java/project12/src/Viwe/test.java</file>
            <file>file:/D:/java/project12/src/Controller/ttowentyController.java</file>
            <file>file:/D:/java/project12/src/Viwe/Database.java</file>
            <file>file:/D:/java/project12/src/Model/DBConnection.java</file>
            <file>file:/D:/java/project12/src/Model/odiModel.java</file>
            <file>file:/D:/java/project12/src/Model/odiCricketModel.java</file>
            <file>file:/D:/java/project12/src/Model/DBconect.java</file>
        </group>
    </open-files>
</project-private>
